Accession	Organism	Kingdom	Length	Cleavage	Type	Fold
P55203	Bos taurus	Metazoa	1110	56	+	0
Q27441	Aplysia californica	Metazoa	92	21	+	1
P80915	Macadamia integrifolia	Viridiplantae	102	26	+	2
P22362	Homo sapiens	Metazoa	96	23	+	3
G9M8X1	Nephotettix cincticeps	Metazoa	687	19	+	4
Q01638	Homo sapiens	Metazoa	556	18	+	0
P29007	Bombina orientalis	Metazoa	155	31	+	1
P10124	Homo sapiens	Metazoa	158	27	+	2
Q9NQ34	Homo sapiens	Metazoa	198	33	+	3
P51460	Homo sapiens	Metazoa	131	20	+	4
Q8WMP9	Bos taurus	Metazoa	407	29	+	0
Q02942	Blaberus discoidalis	Metazoa	726	16	+	1
Q41161	Robinia pseudoacacia	Viridiplantae	285	31	+	2
Q99944	Homo sapiens	Metazoa	293	25	+	3
Q9BX74	Homo sapiens	Metazoa	207	37	+	4
Q10NX8	Oryza sativa subsp. japonica	Viridiplantae	858	30	+	0
Q59Y31	Candida albicans (strain SC5314 / ATCC MYA-2876)	Fungi	533	21	+	1
Q27082	Tachypleus tridentatus	Metazoa	673	19	+	2
Q23997	Drosophila melanogaster	Metazoa	452	18	+	3
P49256	Canis lupus familiaris	Metazoa	356	44	+	4
P01027	Mus musculus	Metazoa	1663	24	+	0
P00719	Struthio camelus	Metazoa	204	19	+	1
P19427	Bos taurus	Metazoa	201	18	+	2
Q8S2W4	Arabidopsis thaliana	Viridiplantae	61	22	+	3
Q6TPK4	Actinidia deliciosa	Viridiplantae	116	26	+	4
Q62813	Rattus norvegicus	Metazoa	338	28	+	0
Q05928	Mus musculus	Metazoa	177	31	+	1
Q8T0W3	Pimpla hypochondriaca	Metazoa	63	25	+	2
P0DMD3	Scolopendra mutilans	Metazoa	105	21	+	3
Q8I817	Aplysia californica	Metazoa	88	19	+	4
P52823	Homo sapiens	Metazoa	247	17	+	0
Q8TCT8	Homo sapiens	Metazoa	520	25	+	1
Q00802	Bombyx mori	Metazoa	256	17	+	2
P05067	Homo sapiens	Metazoa	770	17	+	3
P51868	Rattus norvegicus	Metazoa	413	19	+	4
P81623	Bos taurus	Metazoa	258	29	+	0
Q8X150	Gaeumannomyces tritici	Fungi	618	16	+	1
Q8T0W1	Pimpla hypochondriaca	Metazoa	115	22	+	2
P85213	Galleria mellonella	Metazoa	72	29	+	3
Q1HAY7	Holotrichia diomphalia	Metazoa	317	23	+	4
P13598	Homo sapiens	Metazoa	275	24	+	0
Q94K85	Arabidopsis thaliana	Viridiplantae	359	26	+	1
P80513	Bos taurus	Metazoa	179	21	+	2
Q05895	Mus musculus	Metazoa	956	21	+	3
P86872	Margaritifera margaritifera	Metazoa	260	19	+	4
Q7ZZN8	Naja atra	Metazoa	238	19	+	0
P19876	Homo sapiens	Metazoa	107	34	+	1
Q7SCE9	Neurospora crassa (strain ATCC 24698 / 74-OR23-1A / CBS 708.71 / DSM 1257 / FGSC 987)	Fungi	385	18	+	2
P42256	Aspergillus niger	Fungi	321	19	+	3
C0HLA0	Chamaecyparis obtusa	Viridiplantae	556	28	+	4
P16150	Homo sapiens	Metazoa	400	19	+	0
Q9UAD0	Mesobuthus martensii	Metazoa	59	24	+	1
P35053	Rattus norvegicus	Metazoa	558	23	+	2
P13611	Homo sapiens	Metazoa	3396	20	+	3
Q10ST8	Oryza sativa subsp. japonica	Viridiplantae	96	27	+	4
P55955	Caenorhabditis elegans	Metazoa	132	19	+	0
P29460	Homo sapiens	Metazoa	328	22	+	1
D3Z9M3	Rattus norvegicus	Metazoa	109	16	+	2
P67861	Daboia russelii	Metazoa	144	24	+	3
Q6ZSA7	Homo sapiens	Metazoa	298	34	+	4
P15226	Tityus serrulatus	Metazoa	84	20	+	0
P82358	Acanthoscurria gomesiana	Metazoa	84	23	+	1
P08833	Homo sapiens	Metazoa	259	25	+	2
Q968Z6	Dictyostelium discoideum	Other	557	19	+	3
Q29486	Felis catus	Metazoa	524	17	+	4
P14630	Rattus norvegicus	Metazoa	190	17	+	0
Q15399	Homo sapiens	Metazoa	786	24	+	1
P02659	Gallus gallus	Metazoa	106	24	+	2
P43174	Ambrosia psilostachya	Viridiplantae	77	22	+	3
P28319	Saccharomyces cerevisiae (strain ATCC 204508 / S288c)	Fungi	239	20	+	4
B1P0S1	Pseudopleuronectes americanus	Metazoa	218	23	+	0
Q96BY9	Homo sapiens	Metazoa	339	30	+	1
P21978	Leishmania amazonensis	Other	476	32	+	2
P51688	Homo sapiens	Metazoa	502	20	+	3
O15455	Homo sapiens	Metazoa	904	23	+	4
P49767	Homo sapiens	Metazoa	419	31	+	0
Q9GSA4	Galleria mellonella	Metazoa	113	19	+	1
P02743	Homo sapiens	Metazoa	223	19	+	2
P36980	Homo sapiens	Metazoa	270	18	+	3
Q4V4I9	Drosophila melanogaster	Metazoa	182	22	+	4
P18892	Bos taurus	Metazoa	526	26	+	0
P20160	Homo sapiens	Metazoa	251	19	+	1
A0A7J6K7I9	Toxoplasma gondii	Other	553	64	+	2
Q8NBM8	Homo sapiens	Metazoa	494	22	+	3
Q12396	Saccharomyces cerevisiae (strain ATCC 204508 / S288c)	Fungi	444	46	+	4
P32803	Saccharomyces cerevisiae (strain ATCC 204508 / S288c)	Fungi	203	20	+	0
Q96LA5	Homo sapiens	Metazoa	508	19	+	1
P01500	Apis mellifera	Metazoa	46	27	+	2
P13725	Homo sapiens	Metazoa	252	25	+	3
Q25589	Faxonius limosus	Metazoa	135	26	+	4
P07141	Mus musculus	Metazoa	552	32	+	0
F7J1C8	Flammulina velutipes	Fungi	249	21	+	1
Q9NRC9	Homo sapiens	Metazoa	128	17	+	2
Q9Z0K8	Mus musculus	Metazoa	512	23	+	3
P33487	Arabidopsis thaliana	Viridiplantae	198	33	+	4
O70280	Rattus norvegicus	Metazoa	212	26	+	0
P81941	Pseudopleuronectes americanus	Metazoa	68	22	+	1
P01350	Homo sapiens	Metazoa	101	21	+	2
Q62598	Rattus norvegicus	Metazoa	687	17	+	3
Q9H9K5	Homo sapiens	Metazoa	563	26	+	4
Q59XX2	Candida albicans (strain SC5314 / ATCC MYA-2876)	Fungi	378	32	+	0
Q3C258	Actinia equina	Metazoa	70	20	+	1
Q8T1G4	Dictyostelium discoideum	Other	181	19	+	2
A7L035	Chironex fleckeri	Metazoa	456	20	+	3
Q14802	Homo sapiens	Metazoa	87	20	+	4
P25236	Rattus norvegicus	Metazoa	385	19	+	0
Q03405	Homo sapiens	Metazoa	335	22	+	1
Q76CE8	Typhula ishikariensis	Fungi	243	20	+	2
Q7M418	Oligobrachia mashikoi	Metazoa	163	16	+	3
Q9UHF4	Homo sapiens	Metazoa	553	29	+	4
Q5JNJ5	Oryza sativa subsp. japonica	Viridiplantae	237	28	+	0
Q14210	Homo sapiens	Metazoa	128	20	+	1
Q76FB0	Cyanidium caldarium	Other	155	20	+	2
Q8NI17	Homo sapiens	Metazoa	732	19	+	3
Q8TDQ1	Homo sapiens	Metazoa	290	19	+	4
P10675	Schistocerca americana	Metazoa	662	24	+	0
Q9D6Y1	Mus musculus	Metazoa	273	21	+	1
P28825	Mus musculus	Metazoa	747	20	+	2
P26202	Oryctolagus cuniculus	Metazoa	137	20	+	3
Q5WPZ4	Lutzomyia longipalpis	Metazoa	115	22	+	4
P13727	Homo sapiens	Metazoa	222	16	+	0
Q5G8A6	Tityus costatus	Metazoa	87	19	+	1
L8BRS3	Morus alba	Viridiplantae	209	18	+	2
Q4WZ11	Aspergillus fumigatus (strain ATCC MYA-4609 / CBS 101355 / FGSC A1100 / Af293)	Fungi	87	19	+	3
P19801	Homo sapiens	Metazoa	751	19	+	4
Q63617	Rattus norvegicus	Metazoa	999	32	+	0
P17948	Homo sapiens	Metazoa	1338	26	+	1
P84843	Hybomitra bimaculata	Metazoa	76	20	+	2
P31608	Sagittaria sagittifolia	Viridiplantae	181	24	+	3
Q28989	Sus scrofa	Metazoa	421	26	+	4
Q02596	Mus musculus	Metazoa	151	19	+	0
Q8WWA0	Homo sapiens	Metazoa	313	18	+	1
O43291	Homo sapiens	Metazoa	252	27	+	2
O64392	Triticum aestivum	Viridiplantae	146	21	+	3
Q62192	Mus musculus	Metazoa	661	20	+	4
P80748	Homo sapiens	Metazoa	117	17	+	0
E9NX73	Fagopyrum tataricum	Viridiplantae	149	22	+	1
P07439	Megabalanus rosa	Metazoa	162	24	+	2
C5P3X6	Coccidioides posadasii (strain C735)	Fungi	276	18	+	3
P58912	Phyllodiscus semoni	Metazoa	488	21	+	4
Q9Y4X3	Homo sapiens	Metazoa	112	24	+	0
P13385	Homo sapiens	Metazoa	188	30	+	1
Q9BX59	Homo sapiens	Metazoa	468	18	+	2
Q43871	Hordeum vulgare	Viridiplantae	115	25	+	3
Q5UCC4	Homo sapiens	Metazoa	262	25	+	4
P10562	Canavalia gladiata	Viridiplantae	445	26	+	0
Q64HC7	Armadillidium vulgare	Metazoa	73	19	+	1
Q8MI35	Sus scrofa	Metazoa	152	32	+	2
Q76BW5	Oryza sativa subsp. japonica	Viridiplantae	290	25	+	3
P33559	Aspergillus kawachii (strain NBRC 4308)	Fungi	327	25	+	4
P15570	Phytophthora cryptogea	Other	118	20	+	0
Q13445	Homo sapiens	Metazoa	227	23	+	1
Q70SU7	Salvelinus alpinus	Metazoa	342	19	+	2
Q8I7X1	Porcellio scaber	Metazoa	145	21	+	3
P83234	Ophiophagus hannah	Metazoa	190	20	+	4
P21570	Mus musculus	Metazoa	145	24	+	0
Q8T0W8	Gastrophysa atrocyanea	Metazoa	65	24	+	1
P02810	Homo sapiens	Metazoa	166	16	+	2
P16235	Rattus norvegicus	Metazoa	700	26	+	3
P18657	Macaca fascicularis	Metazoa	83	26	+	4
P01168	Sus scrofa	Metazoa	116	24	+	0
Q8TAL6	Homo sapiens	Metazoa	211	18	+	1
A0A1S3PBB7	Salmo salar	Metazoa	375	23	+	2
O48818	Arabidopsis thaliana	Viridiplantae	257	20	+	3
O01949	Aedes aegypti	Metazoa	273	19	+	4
P24792	Cucurbita maxima	Viridiplantae	579	30	+	0
Q8TD06	Homo sapiens	Metazoa	166	21	+	1
P80392	Meleagris gallopavo	Metazoa	64	28	+	2
O14773	Homo sapiens	Metazoa	563	19	+	3
Q96AP7	Homo sapiens	Metazoa	390	29	+	4
Q6UW56	Homo sapiens	Metazoa	229	30	+	0
P08796	Dictyostelium discoideum	Other	514	19	+	1
P18181	Mus musculus	Metazoa	240	22	+	2
O61668	Mesobuthus martensii	Metazoa	88	18	+	3
Q8N4F0	Homo sapiens	Metazoa	458	20	+	4
C0H9B6	Salmo salar	Metazoa	413	19	+	0
P53366	Sus scrofa	Metazoa	188	21	+	1
Q61508	Mus musculus	Metazoa	559	19	+	2
P98066	Homo sapiens	Metazoa	277	17	+	3
G5EC68	Caenorhabditis elegans	Metazoa	85	17	+	4
A0A0F7YYX3	Conus victoriae	Metazoa	196	25	+	0
C0HKM3	Conus purpurascens	Metazoa	458	18	+	1
P0C1B3	Aspergillus oryzae (strain ATCC 42149 / RIB 40)	Fungi	499	21	+	2
D3GDK4	Cryptopygus antarcticus	Metazoa	225	15	+	3
Q6IV20	Gallus gallus	Metazoa	104	22	+	4
H6U1I8	Tanacetum cinerariifolium	Viridiplantae	365	27	+	0
P12872	Homo sapiens	Metazoa	115	25	+	1
O62605	Galleria mellonella	Metazoa	218	16	+	2
Q9XSW3	Sus scrofa	Metazoa	240	18	+	3
P45478	Bos taurus	Metazoa	306	27	+	4
Q62632	Rattus norvegicus	Metazoa	306	18	+	0
P01269	Sus scrofa	Metazoa	115	25	+	1
P27613	Trichostrongylus colubriformis	Metazoa	173	15	+	2
P81058	Penaeus vannamei	Metazoa	82	19	+	3
P07897	Rattus norvegicus	Metazoa	2124	19	+	4
Q8N126	Homo sapiens	Metazoa	398	24	+	0
P24817	Momordica charantia	Viridiplantae	286	23	+	1
P22412	Sus scrofa	Metazoa	409	16	+	2
P56202	Homo sapiens	Metazoa	376	21	+	3
P26780	Sinapis alba	Viridiplantae	99	30	+	4
P10163	Homo sapiens	Metazoa	310	16	+	0
Q9SUQ8	Arabidopsis thaliana	Viridiplantae	187	29	+	1
Q6UXL0	Homo sapiens	Metazoa	311	29	+	2
P02783	Rattus norvegicus	Metazoa	112	21	+	3
Q84V39	Olea europaea	Viridiplantae	123	21	+	4
P23515	Homo sapiens	Metazoa	440	24	+	0
P14217	Chlamydomonas reinhardtii	Viridiplantae	647	21	+	1
Q805F3	Xenopus laevis	Metazoa	397	16	+	2
Q5ZPR3	Homo sapiens	Metazoa	534	28	+	3
Q50KB1	Emiliania huxleyi	Other	223	17	+	4
A1IKL2	Anisakis simplex	Metazoa	152	18	+	0
P52706	Prunus serotina	Viridiplantae	563	27	+	1
P01131	Bos taurus	Metazoa	845	21	+	2
P06865	Homo sapiens	Metazoa	529	22	+	3
Q9Z0L3	Mus musculus	Metazoa	485	17	+	4
P56829	Ovis aries	Metazoa	195	23	+	0
Q8J0D2	Geotrichum sp. (strain M128)	Fungi	812	23	+	1
Q86YD3	Homo sapiens	Metazoa	366	26	+	2
I6S390	Scolopendra mutilans	Metazoa	76	22	+	3
P02779	Oryctolagus cuniculus	Metazoa	91	21	+	4
P01165	Sus scrofa	Metazoa	207	22	+	0
P11590	Mus musculus	Metazoa	178	16	+	1
O46167	Eratigena agrestis	Metazoa	68	17	+	2
Q5AMT2	Candida albicans (strain SC5314 / ATCC MYA-2876)	Fungi	308	18	+	3
P0DQP8	Cerrophidion godmani	Metazoa	166	19	+	4
Q09022	Xenopus laevis	Metazoa	84	18	+	0
Q8WPJ2	Mytilus edulis	Metazoa	367	17	+	1
Q13231	Homo sapiens	Metazoa	466	21	+	2
Q9N4D8	Caenorhabditis elegans	Metazoa	123	17	+	3
P49259	Bos taurus	Metazoa	1463	20	+	4
Q27967	Bos taurus	Metazoa	203	23	+	0
P38574	Bos taurus	Metazoa	287	18	+	1
P01189	Homo sapiens	Metazoa	267	26	+	2
Q6WN34	Homo sapiens	Metazoa	429	25	+	3
Q9BX93	Homo sapiens	Metazoa	195	19	+	4
Q12127	Saccharomyces cerevisiae (strain ATCC 204508 / S288c)	Fungi	133	18	+	0
P60153	Homo sapiens	Metazoa	205	26	+	1
Q8N766	Homo sapiens	Metazoa	993	22	+	2
P02809	Macaca fascicularis	Metazoa	61	19	+	3
B0CPC6	Laccaria bicolor (strain S238N-H82 / ATCC MYA-4686)	Fungi	206	21	+	4
P05790	Bombyx mori	Metazoa	5263	21	+	0
D4A540	Rattus norvegicus	Metazoa	148	31	+	1
Q07092	Homo sapiens	Metazoa	1604	21	+	2
Q9HBE5	Homo sapiens	Metazoa	538	19	+	3
P10820	Mus musculus	Metazoa	554	20	+	4
Q84ZX5	Artemisia vulgaris	Viridiplantae	132	24	+	0
F2QXM5	Komagataella phaffii (strain ATCC 76273 / CBS 7435 / CECT 11047 / NRRL Y-11430 / Wegner 21-1)	Fungi	587	19	+	1
Q24824	Entamoeba histolytica (strain ATCC 30459 / HM-1:IMSS / ABRM)	Other	96	19	+	2
P55083	Homo sapiens	Metazoa	255	21	+	3
O76537	Trichoplusia ni	Metazoa	182	16	+	4
A0A482A9N4	Talaromyces verruculosus	Fungi	328	21	+	0
P02462	Homo sapiens	Metazoa	1669	27	+	1
P54660	Dictyostelium discoideum	Other	143	22	+	2
Q96PL1	Homo sapiens	Metazoa	93	21	+	3
Q92154	Coturnix japonica	Metazoa	620	17	+	4
Q9U943	Locusta migratoria	Metazoa	3380	21	+	0
Q86SC0	Oryctes rhinoceros	Metazoa	66	26	+	1
Q07081	Aquarana catesbeiana	Metazoa	464	16	+	2
P25404	Mirabilis jalapa	Viridiplantae	63	27	+	3
Q9U8X3	Tachypleus tridentatus	Metazoa	67	23	+	4
Q06K77	Phlebotomus duboscqi	Metazoa	336	21	+	0
Q3L1D1	Agaricus bisporus	Fungi	594	25	+	1
Q86R84	Dermatophagoides farinae	Metazoa	462	25	+	2
P28335	Homo sapiens	Metazoa	458	32	+	3
Q75WF2	Acanthaster planci	Metazoa	358	26	+	4
P01076	Solanum lycopersicum	Viridiplantae	77	32	+	0
Q9NTU7	Homo sapiens	Metazoa	201	27	+	1
P54837	Saccharomyces cerevisiae (strain ATCC 204508 / S288c)	Fungi	211	20	+	2
P09486	Homo sapiens	Metazoa	303	17	+	3
Q9Z0M9	Mus musculus	Metazoa	193	28	+	4
P41543	Saccharomyces cerevisiae (strain ATCC 204508 / S288c)	Fungi	476	22	+	0
Q02862	Mus musculus	Metazoa	184	15	+	1
O35701	Mus musculus	Metazoa	481	27	+	2
Q9GL30	Bos taurus	Metazoa	545	35	+	3
Q924B5	Rattus norvegicus	Metazoa	250	25	+	4
Q5BGU9	Emericella nidulans (strain FGSC A4 / ATCC 38163 / CBS 112.46 / NRRL 194 / M139)	Fungi	366	18	+	0
P97710	Rattus norvegicus	Metazoa	509	31	+	1
P25311	Homo sapiens	Metazoa	298	20	+	2
P30919	Rattus norvegicus	Metazoa	345	23	+	3
P62520	Chilobrachys guangxiensis	Metazoa	63	27	+	4
O97939	Sus scrofa	Metazoa	1142	38	+	0
Q15768	Homo sapiens	Metazoa	340	27	+	1
P04552	Haliotis rufescens	Metazoa	154	18	+	2
P02790	Homo sapiens	Metazoa	462	23	+	3
Q01129	Rattus norvegicus	Metazoa	354	16	+	4
P21814	Ovis aries	Metazoa	429	25	+	0
Q60GF7	Rattus norvegicus	Metazoa	252	22	+	1
G4V4F9	Cupiennius salei	Metazoa	97	19	+	2
P05113	Homo sapiens	Metazoa	134	19	+	3
P33577	Petromyzon marinus	Metazoa	119	19	+	4
A0A1S6EK92	Moringa oleifera	Viridiplantae	79	20	+	0
P19137	Mus musculus	Metazoa	3083	24	+	1
P29022	Zea mays	Viridiplantae	280	25	+	2
P20333	Homo sapiens	Metazoa	461	22	+	3
Q7M4T0	Neurospora crassa (strain ATCC 24698 / 74-OR23-1A / CBS 708.71 / DSM 1257 / FGSC 987)	Fungi	480	17	+	4
Q8MMH3	Pimpla hypochondriaca	Metazoa	488	19	+	0
Q9XYT4	Cryptorchestia cavimana	Metazoa	128	20	+	1
B8JLQ9	Danio rerio	Metazoa	363	24	+	2
Q8WZI8	Aspergillus niger	Fungi	521	17	+	3
Q6IUU3	Rattus norvegicus	Metazoa	750	32	+	4
P25033	Hyalophora cecropia	Metazoa	413	19	+	0
Q8MMJ7	Opisthacanthus madagascariensis	Metazoa	68	23	+	1
B0JFB8	Antheraea mylitta	Metazoa	105	19	+	2
Q9Y279	Homo sapiens	Metazoa	399	19	+	3
P12729	Dictyostelium discoideum	Other	168	19	+	4
P48842	Aspergillus aculeatus	Fungi	350	16	+	0
Q9BZR6	Homo sapiens	Metazoa	473	26	+	1
Q08334	Homo sapiens	Metazoa	325	19	+	2
Q9Y6C2	Homo sapiens	Metazoa	1016	21	+	3
Q8WQK0	Cotesia rubecula	Metazoa	65	23	+	4
P29320	Homo sapiens	Metazoa	983	20	+	0
Q3UN54	Mus musculus	Metazoa	99	21	+	1
Q99MA2	Rattus norvegicus	Metazoa	674	22	+	2
O00105	Aspergillus niger	Fungi	564	19	+	3
G5ED35	Caenorhabditis elegans	Metazoa	135	20	+	4
Q9P246	Homo sapiens	Metazoa	746	14	+	0
P05160	Homo sapiens	Metazoa	661	20	+	1
O02380	Tyrophagus putrescentiae	Metazoa	141	15	+	2
P25942	Homo sapiens	Metazoa	277	20	+	3
P00651	Aspergillus oryzae (strain ATCC 42149 / RIB 40)	Fungi	130	26	+	4
B3STN5	Nosema bombycis (strain CQ1 / CVCC 102059)	Fungi	278	19	+	0
P22301	Homo sapiens	Metazoa	178	18	+	1
A0A5C2A2T2	Conus purpurascens	Metazoa	178	24	+	2
P17301	Homo sapiens	Metazoa	1181	29	+	3
P55847	Penaeus japonicus	Metazoa	105	28	+	4
Q969N2	Homo sapiens	Metazoa	578	21	+	0
P06727	Homo sapiens	Metazoa	396	20	+	1
P29026	Rhizopus oligosporus	Fungi	540	22	+	2
P14209	Homo sapiens	Metazoa	185	22	+	3
P27773	Mus musculus	Metazoa	505	24	+	4
Q5FWE3	Homo sapiens	Metazoa	981	27	+	0
Q9UVI4	Claviceps fusiformis	Fungi	394	16	+	1
P13671	Homo sapiens	Metazoa	934	21	+	2
Q08127	Anguilla anguilla	Metazoa	147	20	+	3
P81605	Homo sapiens	Metazoa	110	19	+	4
Q86Y34	Homo sapiens	Metazoa	549	20	+	0
Q9ERQ6	Rattus norvegicus	Metazoa	571	30	+	1
P05117	Solanum lycopersicum	Viridiplantae	457	24	+	2
Q9NPG1	Homo sapiens	Metazoa	666	22	+	3
G3MYZ3	Bos taurus	Metazoa	604	21	+	4
Q96DR8	Homo sapiens	Metazoa	90	20	+	0
P15018	Homo sapiens	Metazoa	202	22	+	1
A9UGV6	Oryza sativa subsp. japonica	Viridiplantae	61	26	+	2
P93484	Pisum sativum	Viridiplantae	623	22	+	3
O08795	Mus musculus	Metazoa	521	14	+	4
P04639	Rattus norvegicus	Metazoa	259	18	+	0
P34951	Hordeum vulgare	Viridiplantae	143	24	+	1
D7UQ40	Alternaria solani	Fungi	515	25	+	2
Q9TRM8	Canis lupus familiaris	Metazoa	177	25	+	3
Q99372	Rattus norvegicus	Metazoa	870	27	+	4
P19425	Aedes aegypti	Metazoa	97	19	+	0
P16636	Rattus norvegicus	Metazoa	411	21	+	1
Q02809	Homo sapiens	Metazoa	727	18	+	2
P27731	Gallus gallus	Metazoa	150	20	+	3
P80109	Bos taurus	Metazoa	839	23	+	4
P31420	Manduca sexta	Metazoa	274	18	+	0
P28798	Mus musculus	Metazoa	589	17	+	1
Q95UE8	Lucilia cuprina	Metazoa	220	19	+	2
O59896	Pycnoporus cinnabarinus	Fungi	518	21	+	3
P04217	Homo sapiens	Metazoa	495	21	+	4
Q7M3V1	Chelonus sp. nr. curvimaculatus	Metazoa	246	20	+	0
Q16552	Homo sapiens	Metazoa	155	23	+	1
P21837	Dictyostelium discoideum	Other	550	19	+	2
Q6UWV2	Homo sapiens	Metazoa	235	31	+	3
P86009	Dromaius novaehollandiae	Metazoa	238	17	+	4
P31096	Bos taurus	Metazoa	278	16	+	0
Q9U8D1	Mesobuthus martensii	Metazoa	56	28	+	1
Q00193	Oryctolagus cuniculus	Metazoa	540	24	+	2
P42292	Gallus gallus	Metazoa	588	33	+	3
Q9VA83	Drosophila melanogaster	Metazoa	227	19	+	4
P01139	Mus musculus	Metazoa	241	18	+	0
Q95121	Bos taurus	Metazoa	416	20	+	1
Q9BXJ7	Homo sapiens	Metazoa	453	19	+	2
Q76FP5	Hypocrea rufa	Fungi	479	20	+	3
P11021	Homo sapiens	Metazoa	654	18	+	4
Q4W1I9	Zinnia elegans	Viridiplantae	321	30	+	0
Q95NK7	Mesobuthus martensii	Metazoa	54	23	+	1
Q14392	Homo sapiens	Metazoa	662	19	+	2
O95866	Homo sapiens	Metazoa	241	17	+	3
Q96HF1	Homo sapiens	Metazoa	295	24	+	4
Q63415	Rattus norvegicus	Metazoa	937	45	+	0
Q8NK90	Aspergillus kawachii (strain NBRC 4308)	Fungi	628	25	+	1
Q99969	Homo sapiens	Metazoa	163	20	+	2
Q86WA6	Homo sapiens	Metazoa	291	37	+	3
Q9BWV1	Homo sapiens	Metazoa	1114	30	+	4
P08375	Sarcophaga peregrina	Metazoa	63	23	+	0
P05367	Mus musculus	Metazoa	122	19	+	1
Q653V7	Oryza sativa subsp. japonica	Viridiplantae	885	33	+	2
O96910	Aplysia californica	Metazoa	76	18	+	3
Q969H8	Homo sapiens	Metazoa	173	31	+	4
A6MEY4	Bungarus fasciatus	Metazoa	145	27	+	0
P07602	Homo sapiens	Metazoa	524	16	+	1
Q7Z5L0	Homo sapiens	Metazoa	202	24	+	2
P01038	Gallus gallus	Metazoa	139	23	+	3
Q8NBJ9	Homo sapiens	Metazoa	832	18	+	4
Q95NY5	Anopheles stephensi	Metazoa	315	18	+	0
Q16927	Aedes aegypti	Metazoa	2169	46	+	1
P07529	Naganishia albida	Fungi	332	21	+	2
Q9Y251	Homo sapiens	Metazoa	543	35	+	3
P02814	Homo sapiens	Metazoa	79	22	+	4
Q53B52	Ophiophagus hannah	Metazoa	78	21	+	0
Q9P2K2	Homo sapiens	Metazoa	825	27	+	1
Q5D710	Scylla serrata	Metazoa	126	24	+	2
P0C8G7	Pomacea canaliculata	Metazoa	286	30	+	3
P14770	Homo sapiens	Metazoa	177	16	+	4
B4FZ87	Zea mays	Viridiplantae	396	31	+	0
P60568	Homo sapiens	Metazoa	153	20	+	1
P81492	Hirudinaria manillensis	Metazoa	84	20	+	2
Q9R1T7	Rattus norvegicus	Metazoa	200	20	+	3
Q9Y240	Homo sapiens	Metazoa	323	21	+	4
P0C8E8	Rhipicephalus sanguineus	Metazoa	86	20	+	0
P18684	Protophormia terraenovae	Metazoa	101	18	+	1
P0DPU9	Myrmecia gulosa	Metazoa	67	25	+	2
P43077	Candida albicans	Fungi	562	22	+	3
Q7Z5A7	Homo sapiens	Metazoa	132	43	+	4
P02701	Gallus gallus	Metazoa	152	24	+	0
Q01460	Rattus norvegicus	Metazoa	367	23	+	1
O43866	Homo sapiens	Metazoa	347	19	+	2
P20656	Saponaria officinalis	Viridiplantae	299	24	+	3
P09479	Gallus gallus	Metazoa	456	20	+	4
M1MR49	Rhipicephalus appendiculatus	Metazoa	176	24	+	0
P11150	Homo sapiens	Metazoa	499	22	+	1
Q13421	Homo sapiens	Metazoa	630	36	+	2
Q6UXB2	Homo sapiens	Metazoa	119	21	+	3
P22327	Trichoplusia ni	Metazoa	624	18	+	4
Q9V496	Drosophila melanogaster	Metazoa	3351	25	+	0
P81511	Hirudo medicinalis	Metazoa	81	15	+	1
P47710	Homo sapiens	Metazoa	185	15	+	2
P0DPZ2	Scolopendra dehaani	Metazoa	101	23	+	3
P13204	Bos taurus	Metazoa	129	26	+	4
P33681	Homo sapiens	Metazoa	288	34	+	0
P53616	Saccharomyces cerevisiae (strain ATCC 204508 / S288c)	Fungi	420	24	+	1
P01174	Rattus norvegicus	Metazoa	137	19	+	2
P81160	Drosophila melanogaster	Metazoa	54	21	+	3
Q8BPM6	Mus musculus	Metazoa	367	31	+	4
Q9SLP4	Tulipa saxatilis subsp. bakeri	Viridiplantae	314	26	+	0
P19035	Bos taurus	Metazoa	96	23	+	1
A1X159	Perna viridis	Metazoa	431	20	+	2
P86929	Metaphire guillelmi	Metazoa	73	14	+	3
P20062	Homo sapiens	Metazoa	427	18	+	4
P24052	Gallus gallus	Metazoa	142	21	+	0
O96059	Bombyx mori	Metazoa	66	24	+	1
P01588	Homo sapiens	Metazoa	193	27	+	2
P16882	Mus musculus	Metazoa	650	24	+	3
U6BLZ9	Penicillium canescens	Fungi	463	26	+	4
O00206	Homo sapiens	Metazoa	839	23	+	0
Q13162	Homo sapiens	Metazoa	271	37	+	1
Q7Z0T3	Aplysia californica	Metazoa	125	22	+	2
Q95P08	Scutigera coleoptrata	Metazoa	656	18	+	3
P23142	Homo sapiens	Metazoa	703	29	+	4
Q8MI01	Bos taurus	Metazoa	330	23	+	0
P38660	Mesocricetus auratus	Metazoa	439	19	+	1
Q91XZ4	Mus musculus	Metazoa	772	28	+	2
Q53NL5	Oryza sativa subsp. japonica	Viridiplantae	290	27	+	3
P32472	Saccharomyces cerevisiae (strain ATCC 204508 / S288c)	Fungi	135	17	+	4
P19594	Glycine max	Viridiplantae	158	21	+	0
P04196	Homo sapiens	Metazoa	525	18	+	1
P23438	Canis lupus familiaris	Metazoa	183	17	+	2
Q6XE38	Homo sapiens	Metazoa	83	21	+	3
P18709	Xenopus laevis	Metazoa	1807	15	+	4
P32004	Homo sapiens	Metazoa	1257	19	+	0
P15270	Dictyostelium discoideum	Other	424	23	+	1
B2KNH9	Dendrobium findlayanum	Viridiplantae	167	24	+	2
Q39688	Daucus carota	Viridiplantae	389	24	+	3
Q02795	Saccharomyces cerevisiae (strain ATCC 204508 / S288c)	Fungi	286	19	+	4
Q9ES58	Rattus norvegicus	Metazoa	327	23	+	0
Q9NRR1	Homo sapiens	Metazoa	136	22	+	1
P23631	Latrodectus tredecimguttatus	Metazoa	1401	20	+	2
Q99519	Homo sapiens	Metazoa	415	47	+	3
P31836	Bos taurus	Metazoa	853	19	+	4
P16144	Homo sapiens	Metazoa	1822	27	+	0
P68248	Gallus gallus	Metazoa	80	25	+	1
P35495	Sus scrofa	Metazoa	133	24	+	2
P02774	Homo sapiens	Metazoa	474	16	+	3
O35310	Mus musculus	Metazoa	311	20	+	4
Q9H1M4	Homo sapiens	Metazoa	99	20	+	0
Q867F4	Androctonus australis	Metazoa	59	22	+	1
Q6E0U4	Homo sapiens	Metazoa	476	21	+	2
C9K4X8	Patiria pectinifera	Metazoa	116	29	+	3
Q8LG54	Arabidopsis thaliana	Viridiplantae	130	21	+	4
P20740	Gallus gallus	Metazoa	1473	36	+	0
Q92563	Homo sapiens	Metazoa	424	22	+	1
P08505	Mus musculus	Metazoa	211	24	+	2
Q7SZI7	Xenopus laevis	Metazoa	1219	22	+	3
P56201	Oryctolagus cuniculus	Metazoa	797	24	+	4
P31419	Manduca sexta	Metazoa	161	20	+	0
Q6T6C1	Theromyzon tessulatum	Metazoa	107	21	+	1
Q28173	Bos taurus	Metazoa	416	22	+	2
G4ZHR2	Phytophthora sojae (strain P6497)	Other	241	19	+	3
Q6UWL6	Homo sapiens	Metazoa	708	20	+	4
P04844	Homo sapiens	Metazoa	631	22	+	0
Q9NR61	Homo sapiens	Metazoa	685	26	+	1
Q9H7M9	Homo sapiens	Metazoa	311	32	+	2
P27919	Avena sativa	Viridiplantae	214	28	+	3
Q9NZ53	Homo sapiens	Metazoa	605	32	+	4
Q39962	Hevea brasiliensis	Viridiplantae	238	31	+	0
O64411	Zea mays	Viridiplantae	500	28	+	1
P20826	Mus musculus	Metazoa	273	25	+	2
G1CWH6	Clitoria ternatea	Viridiplantae	122	25	+	3
Q06K61	Phlebotomus duboscqi	Metazoa	516	20	+	4
P0C1X6	Tityus discrepans	Metazoa	62	26	+	0
Q09117	Populus deltoides	Viridiplantae	312	24	+	1
O18994	Sus scrofa	Metazoa	219	21	+	2
Q6UWI4	Homo sapiens	Metazoa	295	33	+	3
Q05443	Bos taurus	Metazoa	342	18	+	4
Q02747	Homo sapiens	Metazoa	115	21	+	0
P14925	Rattus norvegicus	Metazoa	976	25	+	1
P08603	Homo sapiens	Metazoa	1231	18	+	2
Q6QD51	Rattus norvegicus	Metazoa	949	27	+	3
Q86IV5	Dictyostelium discoideum	Other	258	21	+	4
Q6GU94	Centruroides limpidus	Metazoa	56	24	+	0
Q9BQ51	Homo sapiens	Metazoa	273	19	+	1
C0HL38	Trichonephila clavata	Metazoa	60	19	+	2
P20362	Paralichthys olivaceus	Metazoa	231	24	+	3
Q8T9R8	Stomoxys calcitrans	Metazoa	67	24	+	4
Q29422	Ovis aries	Metazoa	333	20	+	0
Q8NBI3	Homo sapiens	Metazoa	349	25	+	1
Q969J5	Homo sapiens	Metazoa	263	21	+	2
P29241	Aplysia californica	Metazoa	282	24	+	3
Q9H5V8	Homo sapiens	Metazoa	836	29	+	4
Q25255	Lucilia cuprina	Metazoa	356	23	+	0
Q6UWY5	Homo sapiens	Metazoa	402	28	+	1
Q09140	Schizosaccharomyces pombe (strain 972 / ATCC 24843)	Fungi	1448	18	+	2
I6S7G5	Scolopendra mutilans	Metazoa	84	16	+	3
P54900	Rattus norvegicus	Metazoa	215	29	+	4
P30440	Felis catus	Metazoa	109	17	+	0
P28088	Bos taurus	Metazoa	441	26	+	1
Q8NC67	Homo sapiens	Metazoa	525	22	+	2
P30986	Eschscholzia californica	Viridiplantae	538	23	+	3
A0A1L6K371	Juglans nigra	Viridiplantae	510	23	+	4
Q15762	Homo sapiens	Metazoa	336	18	+	0
Q9YH85	Gallus gallus	Metazoa	2120	24	+	1
Q8MJV4	Bos taurus	Metazoa	122	24	+	2
P20068	Rattus norvegicus	Metazoa	169	22	+	3
P80022	Solanum lycopersicum	Viridiplantae	230	25	+	4
P48307	Homo sapiens	Metazoa	235	22	+	0
P08069	Homo sapiens	Metazoa	1367	30	+	1
Q8MVA6	Ixodes scapularis	Metazoa	69	23	+	2
Q6UW88	Homo sapiens	Metazoa	154	22	+	3
Q8C1Q4	Mus musculus	Metazoa	291	21	+	4
Q29W25	Crocus sativus	Viridiplantae	168	26	+	0
Q8GT41	Platanus acerifolia	Viridiplantae	179	23	+	1
P22388	Rattus norvegicus	Metazoa	202	25	+	2
Q08738	Bombyx mori	Metazoa	239	16	+	3
Q71DJ5	Arabidopsis thaliana	Viridiplantae	393	20	+	4
P40967	Homo sapiens	Metazoa	661	24	+	0
Q9NPR2	Homo sapiens	Metazoa	837	43	+	1
Q9UBT3	Homo sapiens	Metazoa	224	18	+	2
O14791	Homo sapiens	Metazoa	398	27	+	3
P31025	Homo sapiens	Metazoa	176	18	+	4
P82384	Drosophila melanogaster	Metazoa	92	16	+	0
P30659	Lutzomyia longipalpis	Metazoa	86	23	+	1
P07359	Homo sapiens	Metazoa	652	16	+	2
Q9VMD9	Drosophila melanogaster	Metazoa	2188	18	+	3
P11654	Rattus norvegicus	Metazoa	1886	25	+	4
Q9TT95	Sus scrofa	Metazoa	120	22	+	0
Q8NBL1	Homo sapiens	Metazoa	392	23	+	1
O95813	Homo sapiens	Metazoa	267	17	+	2
B2NHN2	Talaromyces funiculosus	Fungi	339	20	+	3
Q9UIK5	Homo sapiens	Metazoa	374	40	+	4
Q9UNE0	Homo sapiens	Metazoa	448	26	+	0
Q2ULM2	Aspergillus oryzae (strain ATCC 42149 / RIB 40)	Fungi	496	16	+	1
P82103	Mytilus galloprovincialis	Metazoa	96	20	+	2
P0DUS5	Doratifera vulnerans	Metazoa	57	24	+	3
Q9PVW8	Silurus asotus	Metazoa	308	23	+	4
P01888	Bos taurus	Metazoa	118	20	+	0
P01068	Ananas comosus	Viridiplantae	246	19	+	1
Q25055	Holotrichia diomphalia	Metazoa	104	20	+	2
P04275	Homo sapiens	Metazoa	2813	22	+	3
Q90WJ9	Takifugu pardalis	Metazoa	391	20	+	4
P19438	Homo sapiens	Metazoa	455	29	+	0
P09586	Mus musculus	Metazoa	222	31	+	1
Q18184	Caenorhabditis elegans	Metazoa	89	23	+	2
A5HAK0	Danio rerio	Metazoa	149	22	+	3
P17164	Rattus norvegicus	Metazoa	462	28	+	4
Q9UBN6	Homo sapiens	Metazoa	386	55	+	0
P11919	Manduca sexta	Metazoa	88	26	+	1
Q86Y78	Homo sapiens	Metazoa	171	22	+	2
P10493	Mus musculus	Metazoa	1245	28	+	3
P17690	Bos taurus	Metazoa	345	19	+	4
P25116	Homo sapiens	Metazoa	425	21	+	0
P13806	Oryctolagus cuniculus	Metazoa	1106	26	+	1
Q92765	Homo sapiens	Metazoa	325	32	+	2
P05059	Bos taurus	Metazoa	449	18	+	3
Q95JC9	Sus scrofa	Metazoa	676	16	+	4
A0A023W145	Ethmostigmus rubripes	Metazoa	88	24	+	0
A0A2I8B346	Paralithodes camtschaticus	Metazoa	62	23	+	1
O62644	Bos taurus	Metazoa	151	18	+	2
P61916	Homo sapiens	Metazoa	151	19	+	3
P08236	Homo sapiens	Metazoa	651	22	+	4
A6XMY0	Hyas araneus	Metazoa	64	25	+	0
B3STN7	Nosema bombycis (strain CQ1 / CVCC 102059)	Fungi	316	18	+	1
Q868Z9	Drosophila melanogaster	Metazoa	2898	26	+	2
Q99935	Homo sapiens	Metazoa	248	21	+	3
Q40975	Papaver rhoeas	Viridiplantae	139	19	+	4
P28039	Homo sapiens	Metazoa	575	23	+	0
O76076	Homo sapiens	Metazoa	250	23	+	1
Q9BZM5	Homo sapiens	Metazoa	246	25	+	2
Q9GZZ8	Homo sapiens	Metazoa	138	19	+	3
O18330	Apis mellifera	Metazoa	432	19	+	4
P20013	Trametes versicolor	Fungi	372	26	+	0
Q84UV8	Nicotiana langsdorffii x Nicotiana sanderae	Viridiplantae	274	25	+	1
P14946	Lolium perenne	Viridiplantae	263	23	+	2
P14214	Tachypleus tridentatus	Metazoa	77	23	+	3
Q8LD43	Arabidopsis thaliana	Viridiplantae	62	22	+	4
Q8I948	Acanthoscurria gomesiana	Metazoa	156	23	+	0
Q9Y5U5	Homo sapiens	Metazoa	241	25	+	1
P09619	Homo sapiens	Metazoa	1106	32	+	2
E0XKJ9	Tabanus yao	Metazoa	349	25	+	3
Q96F46	Homo sapiens	Metazoa	866	32	+	4
Q9NBW4	Theromyzon tessulatum	Metazoa	101	19	+	0
Q6DWK3	Colletotrichum lindemuthianum	Fungi	248	26	+	1
Q09098	Mus musculus	Metazoa	99	23	+	2
P21128	Homo sapiens	Metazoa	410	18	+	3
Q99ML8	Mus musculus	Metazoa	113	23	+	4
P02763	Homo sapiens	Metazoa	201	18	+	0
P0DQC1	Scolopendra dehaani	Metazoa	92	20	+	1
P83313	Opistophthalmus carinatus	Metazoa	82	22	+	2
P09791	Trypanosoma brucei brucei	Other	129	27	+	3
Q8NAC3	Homo sapiens	Metazoa	791	20	+	4
P83472	Lumbricus terrestris	Metazoa	86	22	+	0
P01137	Homo sapiens	Metazoa	390	29	+	1
P79263	Sus scrofa	Metazoa	921	27	+	2
P80686	Tenebrio molitor	Metazoa	211	16	+	3
O42807	Aspergillus niger	Fungi	281	21	+	4
P04925	Mus musculus	Metazoa	254	22	+	0
P82143	Gloydius brevicaudus siniticus	Metazoa	200	19	+	1
Q01528	Limulus polyphemus	Metazoa	172	19	+	2
Q9BZW8	Homo sapiens	Metazoa	370	21	+	3
P01538	Viscum album	Viridiplantae	111	26	+	4
P79208	Ovis aries	Metazoa	603	16	+	0
O18998	Oryctolagus cuniculus	Metazoa	281	21	+	1
P0DPU3	Scolopendra dehaani	Metazoa	577	25	+	2
O80323	Pyrus pyrifolia	Viridiplantae	222	22	+	3
P19400	Ascaris suum	Metazoa	169	20	+	4
Q9GQV7	Aedes aegypti	Metazoa	128	22	+	0
P42578	Lymnaea stagnalis	Metazoa	239	18	+	1
P50895	Homo sapiens	Metazoa	628	31	+	2
E0X9F6	Thaumetopoea pityocampa	Metazoa	126	18	+	3
P54803	Homo sapiens	Metazoa	685	42	+	4
P01833	Homo sapiens	Metazoa	764	18	+	0
Q9LRC8	Scutellaria baicalensis	Viridiplantae	527	25	+	1
O76818	Agrotis ipsilon	Metazoa	193	19	+	2
Q96BF3	Homo sapiens	Metazoa	282	22	+	3
Q8T4J9	Manduca sexta	Metazoa	180	15	+	4
P27275	Amaranthus caudatus	Viridiplantae	86	25	+	0
P82187	Equus caballus	Metazoa	185	20	+	1
Q63191	Rattus norvegicus	Metazoa	1216	21	+	2
F1AWB0	Vaejovis mexicanus	Metazoa	82	22	+	3
Q5B428	Emericella nidulans (strain FGSC A4 / ATCC 38163 / CBS 112.46 / NRRL 194 / M139)	Fungi	244	23	+	4
P15516	Homo sapiens	Metazoa	51	19	+	0
P0DKU2	Pandinus imperator	Metazoa	145	15	+	1
Q9NR16	Homo sapiens	Metazoa	1453	40	+	2
Q9Y5Q6	Homo sapiens	Metazoa	135	22	+	3
P80188	Homo sapiens	Metazoa	198	20	+	4
P29421	Oryza sativa subsp. japonica	Viridiplantae	200	22	+	0
P02649	Homo sapiens	Metazoa	317	18	+	1
Q13433	Homo sapiens	Metazoa	755	28	+	2
P80090	Lymnaea stagnalis	Metazoa	122	29	+	3
Q5GQ85	Argas reflexus	Metazoa	159	16	+	4
Q61400	Mus musculus	Metazoa	265	33	+	0
Q5PP12	Arabidopsis thaliana	Viridiplantae	69	25	+	1
E0XKJ8	Tabanus yao	Metazoa	256	16	+	2
Q63372	Rattus norvegicus	Metazoa	1530	30	+	3
P13612	Homo sapiens	Metazoa	1032	33	+	4
P23502	Entamoeba histolytica (strain ATCC 30459 / HM-1:IMSS / ABRM)	Other	1286	15	+	0
O75629	Homo sapiens	Metazoa	220	31	+	1
Q29381	Sus scrofa	Metazoa	439	25	+	2
O14786	Homo sapiens	Metazoa	923	21	+	3
P0CX77	Saccharomyces cerevisiae (strain ATCC 204508 / S288c)	Fungi	362	25	+	4
Q64385	Mus musculus	Metazoa	432	23	+	0
P49125	Latrodectus tredecimguttatus	Metazoa	88	18	+	1
Q86QT3	Centruroides noxius	Metazoa	62	20	+	2
Q9NJ98	Manduca sexta	Metazoa	487	19	+	3
P45561	Sus scrofa	Metazoa	189	16	+	4
O35806	Rattus norvegicus	Metazoa	1764	35	+	0
Q96DU3	Homo sapiens	Metazoa	332	21	+	1
P42264	Rattus norvegicus	Metazoa	919	31	+	2
P06332	Mus musculus	Metazoa	457	26	+	3
P11911	Mus musculus	Metazoa	220	28	+	4
Q6IWZ0	Aplysia californica	Metazoa	535	18	+	0
P48816	Bombyx mori	Metazoa	137	18	+	1
P83508	Cavia porcellus	Metazoa	170	16	+	2
P02896	Trypanosoma brucei brucei	Other	526	33	+	3
P20797	Antheraea polyphemus	Metazoa	163	21	+	4
P0DSJ6	Myrmecia gulosa	Metazoa	62	24	+	0
P06911	Rattus norvegicus	Metazoa	188	19	+	1
P00450	Homo sapiens	Metazoa	1065	19	+	2
O14625	Homo sapiens	Metazoa	94	21	+	3
Q94637	Oscheius tipulae	Metazoa	1648	15	+	4
P01221	Cyprinus carpio	Metazoa	118	23	+	0
P06205	Limulus polyphemus	Metazoa	242	24	+	1
P42705	Canis lupus familiaris	Metazoa	352	23	+	2
Q00017	Aspergillus aculeatus	Fungi	250	17	+	3
Q8BHP7	Mus musculus	Metazoa	681	32	+	4
P30438	Felis catus	Metazoa	92	22	+	0
P05560	Dromaius novaehollandiae	Metazoa	207	23	+	1
P58154	Lymnaea stagnalis	Metazoa	229	19	+	2
Q86YL7	Homo sapiens	Metazoa	162	22	+	3
Q06KA2	Phlebotomus duboscqi	Metazoa	249	19	+	4
Q5EPH2	Rhipicephalus bursa	Metazoa	97	22	+	0
P91745	Lucilia cuprina	Metazoa	375	20	+	1
P07204	Homo sapiens	Metazoa	575	18	+	2
Q86LE5	Rhipicephalus microplus	Metazoa	110	20	+	3
P48819	Sus scrofa	Metazoa	459	19	+	4
P25068	Bos taurus	Metazoa	64	26	+	0
Q589G4	Anoplius samariensis	Metazoa	75	17	+	1
Q9NS68	Homo sapiens	Metazoa	423	29	+	2
P02230	Chironomus thummi thummi	Metazoa	151	15	+	3
Q9TY95	Plasmodium falciparum (isolate 3D7)	Other	997	22	+	4
O60609	Homo sapiens	Metazoa	400	31	+	0
P55899	Homo sapiens	Metazoa	365	23	+	1
Q96HE7	Homo sapiens	Metazoa	468	23	+	2
B0XRV0	Aspergillus fumigatus (strain CBS 144.89 / FGSC A1163 / CEA10)	Fungi	721	18	+	3
Q9H6E4	Homo sapiens	Metazoa	229	22	+	4
Q875I9	Aspergillus fumigatus	Fungi	238	17	+	0
P12273	Homo sapiens	Metazoa	146	28	+	1
P55058	Homo sapiens	Metazoa	493	17	+	2
Q27085	Tachypleus tridentatus	Metazoa	418	24	+	3
Q6UW10	Homo sapiens	Metazoa	78	19	+	4
P04119	Sus scrofa	Metazoa	178	18	+	0
P81054	Grifola frondosa	Fungi	348	18	+	1
P10607	Oncorhynchus kisutch	Metazoa	210	22	+	2
Q6UX39	Homo sapiens	Metazoa	209	16	+	3
Q10E50	Oryza sativa subsp. japonica	Viridiplantae	163	43	+	4
Q02083	Homo sapiens	Metazoa	359	28	+	0
Q09131	Glycine max	Viridiplantae	464	30	+	1
P02765	Homo sapiens	Metazoa	367	18	+	2
Q9UAH3	Pinctada fucata	Metazoa	129	23	+	3
P35777	Solenopsis invicta	Metazoa	137	19	+	4
Q6UWN5	Homo sapiens	Metazoa	251	25	+	0
Q76IQ4	Oncorhynchus mykiss	Metazoa	111	26	+	1
Q27309	Bombyx mori	Metazoa	1782	15	+	2
P19320	Homo sapiens	Metazoa	739	24	+	3
O75462	Homo sapiens	Metazoa	422	37	+	4
Q8WML4	Bos taurus	Metazoa	580	22	+	0
O00092	Aspergillus fumigatus (strain ATCC MYA-4609 / CBS 101355 / FGSC A1100 / Af293)	Fungi	465	26	+	1
P80060	Locusta migratoria	Metazoa	92	19	+	2
Q6RG02	Penaeus merguiensis	Metazoa	2586	18	+	3
Q13145	Homo sapiens	Metazoa	260	20	+	4
Q02126	Hordeum vulgare	Viridiplantae	330	25	+	0
A9UGV5	Oryza sativa subsp. japonica	Viridiplantae	68	30	+	1
Q9NPA0	Homo sapiens	Metazoa	242	23	+	2
P03998	Limulus polyphemus	Metazoa	195	20	+	3
Q4WL81	Aspergillus fumigatus (strain ATCC MYA-4609 / CBS 101355 / FGSC A1100 / Af293)	Fungi	234	20	+	4
O54861	Rattus norvegicus	Metazoa	825	31	+	0
P69770	Conus marmoreus	Metazoa	94	25	+	1
P07457	Zoarces americanus	Metazoa	87	22	+	2
Q01682	Schizosaccharomyces pombe (strain 972 / ATCC 24843)	Fungi	463	18	+	3
Q8T0W0	Pimpla hypochondriaca	Metazoa	77	21	+	4
Q95P90	Mesobuthus martensii	Metazoa	94	22	+	0
Q969Z4	Homo sapiens	Metazoa	430	25	+	1
P45590	Hyalophora cecropia	Metazoa	129	17	+	2
P01903	Homo sapiens	Metazoa	254	25	+	3
P12318	Homo sapiens	Metazoa	317	33	+	4
P15289	Homo sapiens	Metazoa	507	18	+	0
P34998	Homo sapiens	Metazoa	415	23	+	1
P42579	Lymnaea stagnalis	Metazoa	100	23	+	2
P26732	Bombyx mori	Metazoa	92	19	+	3
W1I921	Achatina achatina	Metazoa	184	26	+	4
O95633	Homo sapiens	Metazoa	263	26	+	0
Q6UX46	Homo sapiens	Metazoa	152	24	+	1
Q8MP06	Tyria jacobaeae	Metazoa	456	22	+	2
Q0P569	Bos taurus	Metazoa	474	24	+	3
Q9MYV1	Canis lupus familiaris	Metazoa	128	25	+	4
Q61789	Mus musculus	Metazoa	3330	31	+	0
Q6UX27	Homo sapiens	Metazoa	236	16	+	1
O88917	Rattus norvegicus	Metazoa	1515	24	+	2
Q55GS3	Dictyostelium discoideum	Other	607	19	+	3
Q16627	Homo sapiens	Metazoa	93	19	+	4
P28906	Homo sapiens	Metazoa	385	31	+	0
O02826	Sus scrofa	Metazoa	111	20	+	1
O75711	Homo sapiens	Metazoa	98	20	+	2
P07712	Aplysia californica	Metazoa	112	23	+	3
P11438	Mus musculus	Metazoa	406	24	+	4
P20774	Homo sapiens	Metazoa	298	20	+	0
P23577	Chlamydomonas reinhardtii	Viridiplantae	317	31	+	1
Q28862	Bos taurus	Metazoa	310	16	+	2
A0A0D1DWQ2	Ustilago maydis (strain 521 / FGSC 9021)	Fungi	290	21	+	3
O93233	Gloydius brevicaudus siniticus	Metazoa	331	23	+	4
P40259	Homo sapiens	Metazoa	229	28	+	0
P29794	Canis lupus familiaris	Metazoa	180	20	+	1
O95157	Homo sapiens	Metazoa	252	22	+	2
Q9ZT66	Zea mays	Viridiplantae	303	43	+	3
Q556R7	Dictyostelium discoideum	Other	303	24	+	4
O76192	Galleria mellonella	Metazoa	167	17	+	0
Q76CA2	Monoplex parthenopeus	Metazoa	275	23	+	1
P81999	Canis lupus familiaris	Metazoa	358	22	+	2
P22864	Aspergillus niger	Fungi	373	19	+	3
P29459	Homo sapiens	Metazoa	219	22	+	4
Q05359	Saccharomyces cerevisiae (strain ATCC 204508 / S288c)	Fungi	219	22	+	0
Q8H8C7	Oryza sativa subsp. japonica	Viridiplantae	356	28	+	1
Q08380	Homo sapiens	Metazoa	585	18	+	2
Q6UXD5	Homo sapiens	Metazoa	910	27	+	3
P20507	Chlamydomonas reinhardtii	Viridiplantae	377	20	+	4
Q08481	Mus musculus	Metazoa	727	17	+	0
P86407	Mesobuthus eupeus	Metazoa	75	22	+	1
Q8J0K5	Talaromyces funiculosus	Fungi	282	39	+	2
P47178	Saccharomyces cerevisiae (strain ATCC 204508 / S288c)	Fungi	298	19	+	3
P01364	Aplysia californica	Metazoa	108	23	+	4
P81827	Rattus norvegicus	Metazoa	101	21	+	0
P13686	Homo sapiens	Metazoa	325	21	+	1
P11215	Homo sapiens	Metazoa	1152	16	+	2
A1BQQ5	Conus marmoreus	Metazoa	289	24	+	3
Q27270	Tenebrio molitor	Metazoa	96	18	+	4
A7VN15	Protobothrops flavoviridis	Metazoa	79	19	+	0
Q99013	Pseudopleuronectes americanus	Metazoa	82	23	+	1
Q6UXK5	Homo sapiens	Metazoa	716	25	+	2
Q8WP90	Solenopsis invicta	Metazoa	153	19	+	3
P48439	Saccharomyces cerevisiae (strain ATCC 204508 / S288c)	Fungi	350	22	+	4
P0DUS8	Doratifera vulnerans	Metazoa	59	17	+	0
P04937	Rattus norvegicus	Metazoa	2477	24	+	1
I1SB12	Microdochium nivale	Fungi	495	22	+	2
Q05091	Pyrus communis	Viridiplantae	330	24	+	3
O55232	Rattus norvegicus	Metazoa	130	32	+	4
P16382	Mus musculus	Metazoa	810	25	+	0
Q00657	Rattus norvegicus	Metazoa	2326	29	+	1
Q8WUJ3	Homo sapiens	Metazoa	1361	30	+	2
Q43413	Capsicum annuum	Viridiplantae	75	27	+	3
Q5MJP5	Anuroctonus phaiodactylus	Metazoa	90	18	+	4
Q6UXH1	Homo sapiens	Metazoa	353	24	+	0
Q8N6C8	Homo sapiens	Metazoa	439	23	+	1
O94985	Homo sapiens	Metazoa	981	28	+	2
P11717	Homo sapiens	Metazoa	2491	40	+	3
Q9BXJ3	Homo sapiens	Metazoa	329	16	+	4
P00724	Saccharomyces cerevisiae (strain ATCC 204508 / S288c)	Fungi	532	19	+	0
P48765	Bos taurus	Metazoa	970	32	+	1
P27797	Homo sapiens	Metazoa	417	17	+	2
Q92643	Homo sapiens	Metazoa	395	27	+	3
Q20224	Caenorhabditis elegans	Metazoa	161	19	+	4
P86798	Cupiennius salei	Metazoa	140	19	+	0
Q9TVX3	Mesobuthus martensii	Metazoa	61	28	+	1
Q9TW32	Dictyostelium discoideum	Other	197	22	+	2
P14384	Homo sapiens	Metazoa	443	17	+	3
Q9Y2I2	Homo sapiens	Metazoa	539	28	+	4
Q1XG90	Crassostrea virginica	Metazoa	135	18	+	0
P13691	Hordeum vulgare	Viridiplantae	152	30	+	1
P25291	Canis lupus familiaris	Metazoa	509	21	+	2
Q27908	Pinctada fucata	Metazoa	447	17	+	3
P02780	Rattus norvegicus	Metazoa	95	18	+	4
P04706	Zea mays	Viridiplantae	223	19	+	0
P0DQE1	Scolopendra dehaani	Metazoa	109	23	+	1
A0A0R4I951	Scolopendra dehaani	Metazoa	70	23	+	2
P52798	Homo sapiens	Metazoa	201	25	+	3
P26010	Homo sapiens	Metazoa	798	19	+	4
Q8BSU2	Mus musculus	Metazoa	246	26	+	0
P04062	Homo sapiens	Metazoa	536	39	+	1
P20757	Ovis aries	Metazoa	476	24	+	2
C4NZN9	Hyas araneus	Metazoa	131	16	+	3
O60844	Homo sapiens	Metazoa	167	16	+	4
P18428	Homo sapiens	Metazoa	481	25	+	0
P01070	Glycine max	Viridiplantae	216	24	+	1
P32802	Saccharomyces cerevisiae (strain ATCC 204508 / S288c)	Fungi	667	22	+	2
P0DPU8	Scolopendra dehaani	Metazoa	105	24	+	3
O43155	Homo sapiens	Metazoa	660	35	+	4
P0DL40	Vespa magnifica	Metazoa	67	21	+	0
P42660	Aedes aegypti	Metazoa	471	19	+	1
Q03383	Bombyx mori	Metazoa	400	16	+	2
Q9NQ25	Homo sapiens	Metazoa	335	22	+	3
P0DUS6	Doratifera vulnerans	Metazoa	60	24	+	4
Q9QYH7	Rattus norvegicus	Metazoa	117	23	+	0
Q07654	Homo sapiens	Metazoa	80	21	+	1
Q9JI59	Mus musculus	Metazoa	298	28	+	2
P24821	Homo sapiens	Metazoa	2201	22	+	3
P20462	Notamacropus eugenii	Metazoa	176	18	+	4
O60602	Homo sapiens	Metazoa	858	20	+	0
Q06153	Ophiostoma ulmi	Fungi	100	25	+	1
Q7KRU8	Drosophila melanogaster	Metazoa	205	19	+	2
